{
  "calibration_setup": "eye-on-base",
  "number_of_cameras": 2,
  "cameras": {
    "camera_1": {
      "setup_type": "eye-on-base",
      "camera_to_robot": {
    "matrix": [
      [0.995325, -0.096028, -0.010378, 0.280928],
      [-0.080541, -0.884473, 0.459588, -0.639291],
      [-0.053312, -0.456603, -0.888072, 1.292386],
      [0.000000, 0.000000, 0.000000, 1.000000]
    ],
    "rows": 4,
    "cols": 4
  },
      "board_to_hand": {
    "matrix": [
      [-0.783059, -0.621837, -0.011708, 0.082410],
      [-0.049785, 0.081436, -0.995434, -0.012029],
      [0.619951, -0.778901, -0.094728, 0.248374],
      [0.000000, 0.000000, 0.000000, 1.000000]
    ],
    "rows": 4,
    "cols": 4
  }
    },
    "camera_2": {
      "setup_type": "eye-on-base",
      "camera_to_robot": {
    "matrix": [
      [0.977364, -0.098268, -0.187360, 0.324681],
      [-0.071308, -0.986774, 0.145575, -0.006009],
      [-0.199188, -0.128920, -0.971444, 1.306943],
      [0.000000, 0.000000, 0.000000, 1.000000]
    ],
    "rows": 4,
    "cols": 4
  }
    }
  }
,
  "shared_transformations": {
    "board_to_hand": {
    "matrix": [
      [-0.783059, -0.621837, -0.011708, 0.082410],
      [-0.049785, 0.081436, -0.995434, -0.012029],
      [0.619951, -0.778901, -0.094728, 0.248374],
      [0.000000, 0.000000, 0.000000, 1.000000]
    ],
    "rows": 4,
    "cols": 4
  }
  }
}
