{
  "sample_0000": {
    "position": [
      0.3120896481481309,
      0.12817518461600638,
      0.6000349010208839
    ],
    "orientation": [
      0.7458381807435819,
      -0.029023271815538855,
      -0.06004756315653726,
      0.6627800147840813
    ]
  },
  "sample_0001": {
    "position": [
      0.31196095473753527,
      0.12816034785823416,
      0.5753916492861255
    ],
    "orientation": [
      0.7456855390806951,
      -0.029030743712453157,
      -0.06007057588433576,
      0.662949333387069
    ]
  },
  "sample_0002": {
    "position": [
      0.3119166114716705,
      0.12807182811504714,
      0.5254626778513614
    ],
    "orientation": [
      0.7458139906963583,
      -0.028967563694945842,
      -0.05993218406149264,
      0.662820115000119
    ]
  },
  "sample_0003": {
    "position": [
      0.3119105045594732,
      0.12811966716958392,
      0.5004171819892109
    ],
    "orientation": [
      0.7457570663945723,
      -0.028871104287869834,
      -0.05990015206713435,
      0.6628912648708642
    ]
  },
  "sample_0004": {
    "position": [
      0.36188655500094596,
      0.12813011893788417,
      0.5500027000522351
    ],
    "orientation": [
      0.7459199403084904,
      -0.028938887381254837,
      -0.060126655650773866,
      0.6626845167404821
    ]
  },
  "sample_0005": {
    "position": [
      0.3371204429792189,
      0.12818089669704125,
      0.5500822204277862
    ],
    "orientation": [
      0.7456568653584801,
      -0.028767691980056166,
      -0.060159259110493316,
      0.6629850093216154
    ]
  },
  "sample_0006": {
    "position": [
      0.2871186312456743,
      0.12815865213226815,
      0.550276744444088
    ],
    "orientation": [
      0.745743439885947,
      -0.028892348951613175,
      -0.05992936484350794,
      0.6629030285559019
    ]
  },
  "sample_0007": {
    "position": [
      0.2621794899592644,
      0.1281778881559105,
      0.5502465255720865
    ],
    "orientation": [
      0.7457138449574701,
      -0.028921336798140882,
      -0.059914054031202806,
      0.6629364402762159
    ]
  },
  "sample_0008": {
    "position": [
      0.31183824813995437,
      0.1780803809748728,
      0.5501164664969855
    ],
    "orientation": [
      0.745728806986123,
      -0.02912524395201846,
      -0.060198613265687824,
      0.6628849021939458
    ]
  },
  "sample_0009": {
    "position": [
      0.3118946098233266,
      0.15313766832712833,
      0.5500707587360908
    ],
    "orientation": [
      0.7457127530666058,
      -0.02914703877029536,
      -0.06034446121245679,
      0.6628887433391253
    ]
  },
  "sample_0010": {
    "position": [
      0.3119318459452983,
      0.1031737901227073,
      0.5500966910945082
    ],
    "orientation": [
      0.7457547044144974,
      -0.029103903319980043,
      -0.06030860637499045,
      0.6628467059979204
    ]
  },
  "sample_0011": {
    "position": [
      0.3119419396109468,
      0.07821381782273708,
      0.5500564301007691
    ],
    "orientation": [
      0.745814071775333,
      -0.029009154023693286,
      -0.06034191735982807,
      0.6627810289485268
    ]
  },
  "sample_0012": {
    "position": [
      0.31207846885295115,
      0.12805991454523497,
      0.5502361409973191
    ],
    "orientation": [
      0.7739184548364918,
      -0.03144808624750818,
      -0.058680233647978794,
      0.6297760501272537
    ]
  },
  "sample_0013": {
    "position": [
      0.3119609567503794,
      0.12805298450854827,
      0.5502272359654938
    ],
    "orientation": [
      0.71649059169778,
      -0.026486279329780028,
      -0.06117792397649703,
      0.6944040399031072
    ]
  },
  "sample_0014": {
    "position": [
      0.3120384911421659,
      0.12812460932870895,
      0.5501155729562952
    ],
    "orientation": [
      0.7899019466658904,
      -0.0329524338208542,
      -0.05811074493564203,
      0.6095836227145079
    ]
  },
  "sample_0015": {
    "position": [
      0.31199114569438696,
      0.12809580541650903,
      0.5501894221599937
    ],
    "orientation": [
      0.6980608614377655,
      -0.024839150568945086,
      -0.06188288662420985,
      0.7129267554741042
    ]
  },
  "sample_0016": {
    "position": [
      0.3120538967565065,
      0.12807481850344637,
      0.5502480796335424
    ],
    "orientation": [
      0.7474947112082413,
      -0.00010485464462687966,
      -0.027701877442092016,
      0.6636898761525558
    ]
  },
  "sample_0017": {
    "position": [
      0.31205967217310643,
      0.12809058625671357,
      0.5502950343298172
    ],
    "orientation": [
      0.7425226559636724,
      -0.05765493724482664,
      -0.09233147296334707,
      0.6609167214501142
    ]
  },
  "sample_0018": {
    "position": [
      0.31192531872378515,
      0.12812494843296374,
      0.5501016693965926
    ],
    "orientation": [
      0.7481540195467502,
      0.017056754979397633,
      -0.008174521223098332,
      0.6632554616046421
    ]
  },
  "sample_0019": {
    "position": [
      0.3120626635177412,
      0.12807495387477602,
      0.5502586471663485
    ],
    "orientation": [
      0.7398195345406133,
      -0.07492239998966041,
      -0.1117548994945636,
      0.6592150883671122
    ]
  },
  "sample_0020": {
    "position": [
      0.3119476388170312,
      0.12817930958695067,
      0.550093771007648
    ],
    "orientation": [
      0.7438079410364147,
      -0.06134854570346479,
      -0.03163919545782327,
      0.6648195725924599
    ]
  },
  "sample_0021": {
    "position": [
      0.31194934292462156,
      0.1281786603772065,
      0.5500922037944704
    ],
    "orientation": [
      0.7463256869793309,
      0.0033947071658471067,
      -0.08917707814479668,
      0.6595709921241569
    ]
  },
  "sample_0022": {
    "position": [
      0.31194944909641215,
      0.12817500283429972,
      0.5500866242509684
    ],
    "orientation": [
      0.7419434717905447,
      -0.08075721594115585,
      -0.01426051708244712,
      0.6654282789252108
    ]
  },
  "sample_0023": {
    "position": [
      0.31194887959627476,
      0.12817618367809513,
      0.5500862664221
    ],
    "orientation": [
      0.745972701691614,
      0.022919031833313345,
      -0.10640158146855207,
      0.6570221836222343
    ]
  },
  "sample_0024": {
    "position": [
      0.34199081856178465,
      0.1481389487404563,
      0.5802328935254628
    ],
    "orientation": [
      0.786399817103451,
      -0.08842032575901365,
      -0.06319372583329473,
      0.6080820065317135
    ]
  },
  "sample_0025": {
    "position": [
      0.29201580022367457,
      0.16811920716574585,
      0.5202287905148907
    ],
    "orientation": [
      0.695846752376868,
      0.040010967229362884,
      -0.03445291378117043,
      0.7162467566697416
    ]
  },
  "sample_0026": {
    "position": [
      0.3518687050679678,
      0.0981408535731774,
      0.5799974368873492
    ],
    "orientation": [
      0.776482127077399,
      0.017661974907362866,
      -0.07058685005407168,
      0.625924162795441
    ]
  },
  "sample_0027": {
    "position": [
      0.2820953747099415,
      0.10805927921656067,
      0.5804427257701152
    ],
    "orientation": [
      0.6923368571690027,
      -0.10166611546667666,
      -0.0899942384204581,
      0.7086852010747693
    ]
  },
  "sample_0028": {
    "position": [
      0.3119608852452716,
      0.10808485320819529,
      0.5402433426439939
    ],
    "orientation": [
      0.7412288739394258,
      -0.006648418169579571,
      -0.02179988829474447,
      0.6708653515010817
    ]
  },
  "sample_0029": {
    "position": [
      0.3120395940857346,
      0.10802063171065324,
      0.5402310496721399
    ],
    "orientation": [
      0.7338218838866435,
      -0.03530012339820959,
      -0.042584235337274165,
      0.6770863511531362
    ]
  },
  "sample_0030": {
    "position": [
      0.32190066164264636,
      0.10811421279225149,
      0.5600438824340049
    ],