{
  "calibration_setup": "eye-on-base",
  "number_of_cameras": 1,
  "cameras": {
    "camera_1": {
      "setup_type": "eye-on-base",
      "camera_to_robot": {
    "matrix": [
      [-0.994105, 0.085111, -0.067167, 0.410873],
      [0.102868, 0.936128, -0.336278, 0.615668],
      [0.034256, -0.341205, -0.939365, 1.313290],
      [0.000000, 0.000000, 0.000000, 1.000000]
    ],
    "rows": 4,
    "cols": 4
  },
      "board_to_hand": {
    "matrix": [
      [0.602634, -0.797875, -0.015114, 0.151790],
      [0.018423, 0.032844, -0.999291, -0.002323],
      [0.797805, 0.601928, 0.034492, -0.054003],
      [0.000000, 0.000000, 0.000000, 1.000000]
    ],
    "rows": 4,
    "cols": 4
  }
    }
  }
,
  "shared_transformations": {
    "board_to_hand": {
    "matrix": [
      [0.602634, -0.797875, -0.015114, 0.151790],
      [0.018423, 0.032844, -0.999291, -0.002323],
      [0.797805, 0.601928, 0.034492, -0.054003],
      [0.000000, 0.000000, 0.000000, 1.000000]
    ],
    "rows": 4,
    "cols": 4
  }
  }
}
