{
  "camera_matrix": [
    [
      1447.6955928602306,
      0.0,
      1075.536344060067
    ],
    [
      0.0,
      1413.9611854645852,
      560.5670676415547
    ],
    [
      0.0,
      0.0,
      1.0
    ]
  ],
  "dist_coeffs": [
    [
      0.011867762955567938
    ],
    [
      -0.09201627092117114
    ],
    [
      0.013142977095328811
    ],
    [
      0.026629429413575996
    ],
    [
      0.08546479972273194
    ]
  ],
  "image_size": [
    1920,
    1080
  ],
  "reprojection_error": 0.03860456152545819,
  "per_image_errors": [
    0.0619165182530519,
    0.02685113618109869,
    0.02188213052586637,
    0.024326246737273845,
    0.024193082580444964,
    0.026025790144092897,
    0.3316495871366059,
    0.0262336960580359,
    0.023652211249969288,
    0.026884544775136725,
    0.025262881805608522,
    0.034088729039070544,
    0.056648219774287,
    0.029316430042337777,
    0.03700156531563935,
    0.030566839461846514,
    0.040423956818600906,
    0.02330282089812839,
    0.031065436673578223,
    0.029672745172951494,
    0.04700829486774226,
    0.02848770097514589,
    0.025704700693382217,
    0.024638931709255553,
    0.02254822021214804,
    0.02211841897660444,
    0.030499409082956088,
    0.03196717643889252,
    0.02299661077646625,
    0.026520727253633664,
    0.028275531834579478,
    0.027975822891417947,
    0.029763238918112396,
    0.02779450396050472,
    0.03405400155306616,
    0.029360518713067246,
    0.03364945147535331,
    0.033856790783433545,
    0.04403606920301542,
    0.04196177205592527
  ],
  "valid_images": [
    "calibration_images/calib_000.jpg",
    "calibration_images/calib_001.jpg",
    "calibration_images/calib_002.jpg",
    "calibration_images/calib_003.jpg",
    "calibration_images/calib_004.jpg",
    "calibration_images/calib_005.jpg",
    "calibration_images/calib_006.jpg",
    "calibration_images/calib_007.jpg",
    "calibration_images/calib_008.jpg",
    "calibration_images/calib_009.jpg",
    "calibration_images/calib_010.jpg",
    "calibration_images/calib_011.jpg",
    "calibration_images/calib_012.jpg",
    "calibration_images/calib_013.jpg",
    "calibration_images/calib_014.jpg",
    "calibration_images/calib_015.jpg",
    "calibration_images/calib_016.jpg",
    "calibration_images/calib_017.jpg",
    "calibration_images/calib_018.jpg",
    "calibration_images/calib_019.jpg",
    "calibration_images/calib_020.jpg",
    "calibration_images/calib_021.jpg",
    "calibration_images/calib_022.jpg",
    "calibration_images/calib_023.jpg",
    "calibration_images/calib_024.jpg",
    "calibration_images/calib_025.jpg",
    "calibration_images/calib_026.jpg",
    "calibration_images/calib_027.jpg",
    "calibration_images/calib_028.jpg",
    "calibration_images/calib_029.jpg",
    "calibration_images/calib_030.jpg",
    "calibration_images/calib_031.jpg",
    "calibration_images/calib_032.jpg",
    "calibration_images/calib_033.jpg",
    "calibration_images/calib_034.jpg",
    "calibration_images/calib_035.jpg",
    "calibration_images/calib_036.jpg",
    "calibration_images/calib_037.jpg",
    "calibration_images/calib_038.jpg",
    "calibration_images/calib_039.jpg"
  ],
  "timestamp": "20250723_104352",
  "calibration_settings": {
    "chessboard_size": [
      7,
      6
    ],
    "square_size_mm": 25.0
  }
}