{
  "sample_0000": {
    "position": [
      0.5526346371778498,
      0.19944326338607052,
      0.5988946231312631
    ],
    "orientation": [
      0.6417439821152585,
      0.335171071446998,
      0.34756739503918915,
      0.5958371591211765
    ]
  },
  "sample_0001": {
    "position": [
      0.5524066464681954,
      0.19942475659757214,
      0.5744298669576994
    ],
    "orientation": [
      0.6419799759462456,
      0.3351422256926768,
      0.34770805098881485,
      0.59551701094039
    ]
  },
  "sample_0002": {
    "position": [
      0.5523175469408999,
      0.19939826221034662,
      0.5243423598584469
    ],
    "orientation": [
      0.6419892847785349,
      0.33519179202961763,
      0.3476467371086895,
      0.5955148755179843
    ]
  },
  "sample_0003": {
    "position": [
      0.5522941654415602,
      0.19936370024197891,
      0.499537704649607
    ],
    "orientation": [
      0.6419604936373539,
      0.33510154646571133,
      0.3477805640224858,
      0.5955185618042275
    ]
  },
  "sample_0004": {
    "position": [
      0.6023478942451679,
      0.19945425583554272,
      0.5490533840479277
    ],
    "orientation": [
      0.6416953215652251,
      0.33512228524841414,
      0.3477759178794657,
      0.5957953332766865
    ]
  },
  "sample_0005": {
    "position": [
      0.5775167106274375,
      0.19957503078922875,
      0.5491331931743919
    ],
    "orientation": [
      0.6415171973974159,
      0.33555522383326114,
      0.34768795744599357,
      0.5957948148889917
    ]
  },
  "sample_0006": {
    "position": [
      0.5275613137699562,
      0.19952710964976278,
      0.5491419524631042
    ],
    "orientation": [
      0.6415867932152352,
      0.3354031953358291,
      0.3477924304023522,
      0.5957444995005254
    ]
  },
  "sample_0007": {
    "position": [
      0.5025237230195733,
      0.19945347342087455,
      0.5492857516102967
    ],
    "orientation": [
      0.6416499970381653,
      0.33518647024546766,
      0.347924471531017,
      0.5957213052889491
    ]
  },
  "sample_0008": {
    "position": [
      0.5523349979843031,
      0.2493314551424485,
      0.5491694538932462
    ],
    "orientation": [
      0.6417659040205043,
      0.3350222904643834,
      0.3477414697567131,
      0.5957956525019164
    ]
  },
  "sample_0009": {
    "position": [
      0.5524571067300357,
      0.22436587659899035,
      0.5489196419364943
    ],
    "orientation": [
      0.641916872617836,
      0.33522812024803283,
      0.34724094266752065,
      0.5958091672497821
    ]
  },
  "sample_0010": {
    "position": [
      0.5524081903328794,
      0.1743349820612691,
      0.5489414481919846
    ],
    "orientation": [
      0.6420683189985009,
      0.3351850815526713,
      0.3473248041757327,
      0.595621285085798
    ]
  },
  "sample_0011": {
    "position": [
      0.5524685336882702,
      0.14945475293290325,
      0.5489888763486754
    ],
    "orientation": [
      0.6420245907542347,
      0.3352663295929847,
      0.34736962068759203,
      0.5955965578572997
    ]
  },
  "sample_0012": {
    "position": [
      0.5524176031228317,
      0.19943867237132182,
      0.5490383907397299
    ],
    "orientation": [
      0.6670373868639152,
      0.35013396688015347,
      0.3328779742978574,
      0.5671504068497897
    ]
  },
  "sample_0013": {
    "position": [
      0.5523762987855112,
      0.19934798645344737,
      0.5493947379151858
    ],
    "orientation": [
      0.6154026470370545,
      0.3197071491495463,
      0.3619674464567993,
      0.6229337753790528
    ]
  },
  "sample_0014": {
    "position": [
      0.5524682470903549,
      0.1993962684049642,
      0.5487347677631759
    ],
    "orientation": [
      0.6816493470884786,
      0.3587008637831983,
      0.3231526104624976,
      0.5497820006932854
    ]
  },
  "sample_0015": {
    "position": [
      0.5524498566849213,
      0.19935037969653227,
      0.5492285420314946
    ],
    "orientation": [
      0.5989019063947207,
      0.3102206782935022,
      0.3700896302111271,
      0.6388374620246371
    ]
  },
  "sample_0016": {
    "position": [
      0.5525299907096011,
      0.19953023297285596,
      0.5490551788632867
    ],
    "orientation": [
      0.625888141583907,
      0.3607867277796607,
      0.3753991832666058,
      0.5806655013735995
    ]
  },
  "sample_0017": {
    "position": [
      0.5524240442183936,
      0.19930157032137027,
      0.5492549674644044
    ],
    "orientation": [
      0.6561555148915881,
      0.30887430466036797,
      0.31961869905738555,
      0.6098364464434655
    ]
  },
  "sample_0018": {
    "position": [
      0.5524592593438747,
      0.19958809585149354,
      0.5488641267553005
    ],
    "orientation": [
      0.6161314930604178,
      0.37611481074878117,
      0.39131114676782763,
      0.5707847394682136
    ]
  },
  "sample_0019": {
    "position": [
      0.5524409388572616,
      0.19937222360851423,
      0.5493688555975237
    ],
    "orientation": [
      0.6642969231326813,
      0.2927727806596144,
      0.3024116141175856,
      0.617689980870733
    ]
  },
  "sample_0020": {
    "position": [
      0.5524588249688597,
      0.19955428682824622,
      0.5490032885265527
    ],
    "orientation": [
      0.6558778008311941,
      0.3070384756357335,
      0.3730366954839769,
      0.5799959557432418
    ]
  },
  "sample_0021": {
    "position": [
      0.5524584730444189,
      0.19955362381179234,
      0.5489989283216037
    ],
    "orientation": [
      0.6268032398890281,
      0.36271963617315517,
      0.321378526856228,
      0.6101376946843656
    ]
  },
  "sample_0022": {
    "position": [
      0.5524590721631776,
      0.19955334132009633,
      0.5490024865604717
    ],
    "orientation": [
      0.6636789078123846,
      0.28978657939646674,
      0.38808028296336966,
      0.5700418753931387
    ]
  },
  "sample_0023": {
    "position": [
      0.5524591868946632,
      0.19955460428809565,
      0.549001128970831
    ],
    "orientation": [
      0.6170866596372789,
      0.3790088562910657,
      0.3052959985843592,
      0.6183451257987099
    ]
  },
  "sample_0024": {
    "position": [
      0.5824643391267817,
      0.21949940143729502,
      0.5792053168060138
    ],
    "orientation": [
      0.7082964129740144,
      0.3098914360860558,
      0.3187851598549797,
      0.5483242754656241
    ]
  },
  "sample_0025": {
    "position": [
      0.5324993274668932,
      0.2393765415396562,
      0.5188237120147137
    ],
    "orientation": [
      0.560927436699148,
      0.36434738928176724,
      0.3938995801481598,
      0.6304399348397809
    ]
  },
  "sample_0026": {
    "position": [
      0.5924449460370326,
      0.16943763849843058,
      0.5789715245842675
    ],
    "orientation": [
      0.6435208238340524,
      0.39303334474391893,
      0.320763475299007,
      0.5731636172380916
    ]
  },
  "sample_0027": {
    "position": [
      0.5225826065521143,
      0.17952935486821084,
      0.5790408186486953
    ],
    "orientation": [
      0.6367763336801715,
      0.2425889570643578,
      0.3441398957657465,
      0.6459367081360273
    ]
  },
  "sample_0028": {
    "position": [
      0.5523891185026163,
      0.17932291998993818,
      0.5391745836904066
    ],
    "orientation": [
      0.6238667836796178,
      0.35166000519664575,
      0.38354029269168627,
      0.5831143291399378
    ]
  },
  "sample_0029": {
    "position": [
      0.552415528761518,
      0.1793964726756217,
      0.5390528399457377
    ],
    "orientation": [
      0.6338994692489849,
      0.32307539598837043,
      0.3691924496577383,
      0.5979052487715184
    ]
  },
  "sample_0030": {
    "position": [
      0.5623404435984146,
      0.17941320585240964,
      0.5589727822655456
    ],
    "orientation": [
      0.6082988751031154,
      0.35878711974732796,
      0.34708115587397537,
      0.6170728907421602
    ]
  },