{
  "camera_matrix": [
    [
      1360.5206198852188,
      0.0,
      934.5284407109597
    ],
    [
      0.0,
      1362.5943706855635,
      529.0207138530305
    ],
    [
      0.0,
      0.0,
      1.0
    ]
  ],
  "dist_coeffs": [
    [
      -0.009530508297741004
    ],
    [
      0.21058836198920933
    ],
    [
      0.0036829226278439152
    ],
    [
      0.0001516964882859769
    ],
    [
      -1.307244881597747
    ]
  ],
  "image_size": [
    1920,
    1080
  ],
  "reprojection_error": 0.030061223704248536,
  "per_image_errors": [
    0.024367993554857366,
    0.021571361964520683,
    0.02551016320942113,
    0.03105581860978182,
    0.015780181086729503,
    0.027378670842146877,
    0.021308966389077488,
    0.021943156365265302,
    0.025129288990241222,
    0.03968122010438331,
    0.024984675543573653,
    0.04472058159779384,
    0.09435177877138633,
    0.02653641322660973,
    0.029968102015060033,
    0.03561732281417522,
    0.03621647034964265,
    0.026413936431653177,
    0.024999478528256416,
    0.039643725881381285,
    0.04502413077309401,
    0.01880261276974407,
    0.028028502968106286,
    0.022143756728571735,
    0.02491355341961074,
    0.03307710084951111,
    0.01834233780976713,
    0.02250816075196369,
    0.032295685701423715,
    0.019521563079706535
  ],
  "valid_images": [
    "calibration_images/calib_000.jpg",
    "calibration_images/calib_001.jpg",
    "calibration_images/calib_002.jpg",
    "calibration_images/calib_003.jpg",
    "calibration_images/calib_004.jpg",
    "calibration_images/calib_005.jpg",
    "calibration_images/calib_006.jpg",
    "calibration_images/calib_007.jpg",
    "calibration_images/calib_008.jpg",
    "calibration_images/calib_009.jpg",
    "calibration_images/calib_010.jpg",
    "calibration_images/calib_011.jpg",
    "calibration_images/calib_012.jpg",
    "calibration_images/calib_013.jpg",
    "calibration_images/calib_014.jpg",
    "calibration_images/calib_015.jpg",
    "calibration_images/calib_016.jpg",
    "calibration_images/calib_017.jpg",
    "calibration_images/calib_018.jpg",
    "calibration_images/calib_019.jpg",
    "calibration_images/calib_020.jpg",
    "calibration_images/calib_021.jpg",
    "calibration_images/calib_022.jpg",
    "calibration_images/calib_023.jpg",
    "calibration_images/calib_024.jpg",
    "calibration_images/calib_025.jpg",
    "calibration_images/calib_026.jpg",
    "calibration_images/calib_027.jpg",
    "calibration_images/calib_028.jpg",
    "calibration_images/calib_029.jpg"
  ],
  "timestamp": "20250722_164951",
  "calibration_settings": {
    "chessboard_size": [
      7,
      6
    ],
    "square_size_mm": 25.0
  }
}