{
  "camera_matrix": [
    [
      629.4522105130629,
      0.0,
      305.9938313479374
    ],
    [
      0.0,
      628.3531086041238,
      235.20506371507568
    ],
    [
      0.0,
      0.0,
      1.0
    ]
  ],
  "dist_coeffs": [
    [
      0.025976190916483736
    ],
    [
      0.1926195719888293
    ],
    [
      -2.5953719243267334e-05
    ],
    [
      -0.0017065625082840273
    ],
    [
      -2.396599870781432
    ]
  ],
  "image_size": [
    640,
    480
  ],
  "reprojection_error": 0.018917516942416,
  "per_image_errors": [
    0.021310893625181983,
    0.01689762488883939,
    0.018140552848273185,
    0.01983580232495844,
    0.02244905662057687,
    0.01595849995889356,
    0.02261693851086872,
    0.01925796342746119,
    0.018248656719524206,
    0.015849355356271442,
    0.01516802186630893,
    0.012902667656479946,
    0.013268653388703049,
    0.012101399988669562,
    0.008125364930339473,
    0.011454395796493193,
    0.05418648989379636,
    0.009599818559228503,
    0.011365704373497418,
    0.011669739113136266,
    0.014978399987952348,
    0.020101906702725787,
    0.011900600992928752,
    0.02019727012038705,
    0.023631366131458297,
    0.011693032505447013,
    0.0447891879346024,
    0.019209692597159718,
    0.02922091112950767,
    0.021395540322809183
  ],
  "valid_images": [
    "calibration_images/calib_000.jpg",
    "calibration_images/calib_001.jpg",
    "calibration_images/calib_002.jpg",
    "calibration_images/calib_003.jpg",
    "calibration_images/calib_004.jpg",
    "calibration_images/calib_005.jpg",
    "calibration_images/calib_006.jpg",
    "calibration_images/calib_007.jpg",
    "calibration_images/calib_008.jpg",
    "calibration_images/calib_009.jpg",
    "calibration_images/calib_010.jpg",
    "calibration_images/calib_011.jpg",
    "calibration_images/calib_012.jpg",
    "calibration_images/calib_013.jpg",
    "calibration_images/calib_014.jpg",
    "calibration_images/calib_015.jpg",
    "calibration_images/calib_016.jpg",
    "calibration_images/calib_017.jpg",
    "calibration_images/calib_018.jpg",
    "calibration_images/calib_019.jpg",
    "calibration_images/calib_020.jpg",
    "calibration_images/calib_021.jpg",
    "calibration_images/calib_022.jpg",
    "calibration_images/calib_023.jpg",
    "calibration_images/calib_024.jpg",
    "calibration_images/calib_025.jpg",
    "calibration_images/calib_026.jpg",
    "calibration_images/calib_027.jpg",
    "calibration_images/calib_028.jpg",
    "calibration_images/calib_029.jpg"
  ],
  "timestamp": "20250721_135454",
  "calibration_settings": {
    "chessboard_size": [
      7,
      6
    ],
    "square_size_mm": 25.0
  }
}