{
  "camera_matrix": [
    [
      1664.1219100489016,
      0.0,
      911.499864534422
    ],
    [
      0.0,
      1637.2371814527773,
      493.2139912802658
    ],
    [
      0.0,
      0.0,
      1.0
    ]
  ],
  "dist_coeffs": [
    [
      0.37003625715560456
    ],
    [
      -7.114739342089988
    ],
    [
      0.02781153080497885
    ],
    [
      0.004740880189048895
    ],
    [
      41.99427988115827
    ]
  ],
  "image_size": [
    1920,
    1080
  ],
  "reprojection_error": 0.021944697685330906,
  "per_image_errors": [
    0.020750248793087366,
    0.02133006297062544,
    0.027320125049716915,
    0.025870910071488444,
    0.02626271994544752,
    0.02979224346062645,
    0.026864840007383324,
    0.027452658394735513,
    0.026826781478016187,
    0.022584266064118914,
    0.019117089717372384,
    0.016789648103189208,
    0.016713986885683953,
    0.017631487196715794,
    0.01564867969266614,
    0.020774031642148794,
    0.020695709978287964,
    0.021435668351889158,
    0.02377638644470777,
    0.019831367831280977,
    0.021279201690143072,
    0.02219154523079648,
    0.01957696730635104,
    0.01757314300363469,
    0.020527672823159253
  ],
  "valid_images": [
    "calibration_images/calib_000.jpg",
    "calibration_images/calib_001.jpg",
    "calibration_images/calib_003.jpg",
    "calibration_images/calib_004.jpg",
    "calibration_images/calib_007.jpg",
    "calibration_images/calib_008.jpg",
    "calibration_images/calib_009.jpg",
    "calibration_images/calib_010.jpg",
    "calibration_images/calib_011.jpg",
    "calibration_images/calib_012.jpg",
    "calibration_images/calib_013.jpg",
    "calibration_images/calib_014.jpg",
    "calibration_images/calib_015.jpg",
    "calibration_images/calib_016.jpg",
    "calibration_images/calib_017.jpg",
    "calibration_images/calib_018.jpg",
    "calibration_images/calib_019.jpg",
    "calibration_images/calib_020.jpg",
    "calibration_images/calib_022.jpg",
    "calibration_images/calib_023.jpg",
    "calibration_images/calib_024.jpg",
    "calibration_images/calib_025.jpg",
    "calibration_images/calib_027.jpg",
    "calibration_images/calib_028.jpg",
    "calibration_images/calib_029.jpg"
  ],
  "timestamp": "20250723_102553",
  "calibration_settings": {
    "chessboard_size": [
      7,
      6
    ],
    "square_size_mm": 25.0
  }
}