{
  "camera_matrix": [
    [
      1417.3225932457276,
      0.0,
      1006.2050434702983
    ],
    [
      0.0,
      1434.8445332837086,
      488.4219683671629
    ],
    [
      0.0,
      0.0,
      1.0
    ]
  ],
  "dist_coeffs": [
    [
      -0.003986895773027822
    ],
    [
      -0.12561645592935028
    ],
    [
      -0.008482596854156196
    ],
    [
      0.022944098829780973
    ],
    [
      0.056312675994567137
    ]
  ],
  "image_size": [
    1920,
    1080
  ],
  "reprojection_error": 0.026606825832141946,
  "per_image_errors": [
    0.031047789560067464,
    0.018450094377449506,
    0.018493227298863147,
    0.017615060897290778,
    0.02599278845441046,
    0.01688841441939451,
    0.017540104926477916,
    0.029830311891427215,
    0.042455678568081426,
    0.06564435067883508,
    0.03562434293692111,
    0.02246547558590047,
    0.031407689106070454,
    0.023243959615881084,
    0.026959549844139258,
    0.02650949822662598,
    0.025815434511468154,
    0.024326303882083556,
    0.030582973176952962,
    0.020098669519700015,
    0.029688103636186253,
    0.03216334504628678,
    0.02784384133823714,
    0.027889129440025227,
    0.020100434155861897,
    0.01937834776056833,
    0.0171528651144285,
    0.01978333933033996
  ],
  "valid_images": [
    "calibration_images/calib_002.jpg",
    "calibration_images/calib_003.jpg",
    "calibration_images/calib_004.jpg",
    "calibration_images/calib_005.jpg",
    "calibration_images/calib_006.jpg",
    "calibration_images/calib_007.jpg",
    "calibration_images/calib_008.jpg",
    "calibration_images/calib_009.jpg",
    "calibration_images/calib_010.jpg",
    "calibration_images/calib_011.jpg",
    "calibration_images/calib_012.jpg",
    "calibration_images/calib_013.jpg",
    "calibration_images/calib_014.jpg",
    "calibration_images/calib_015.jpg",
    "calibration_images/calib_016.jpg",
    "calibration_images/calib_017.jpg",
    "calibration_images/calib_018.jpg",
    "calibration_images/calib_019.jpg",
    "calibration_images/calib_020.jpg",
    "calibration_images/calib_021.jpg",
    "calibration_images/calib_022.jpg",
    "calibration_images/calib_023.jpg",
    "calibration_images/calib_024.jpg",
    "calibration_images/calib_025.jpg",
    "calibration_images/calib_026.jpg",
    "calibration_images/calib_027.jpg",
    "calibration_images/calib_028.jpg",
    "calibration_images/calib_029.jpg"
  ],
  "timestamp": "20250722_165646",
  "calibration_settings": {
    "chessboard_size": [
      7,
      6
    ],
    "square_size_mm": 25.0
  }
}