{
  "camera_socket": 0,
  "camera_socket_name": "CameraBoardSocket.CAM_A",
  "native_resolution": {
    "width": 3840,
    "height": 2160
  },
  "target_resolution": {
    "width": 1920,
    "height": 1080
  },
  "camera_matrix": [
    [
      1542.3011474609375,
      0.0,
      964.1655883789062
    ],
    [
      0.0,
      1542.3011474609375,
      561.2266235351562
    ],
    [
      0.0,
      0.0,
      1.0
    ]
  ],
  "distortion_coefficients": [
    10.003107070922852,
    -95.53128814697266,
    0.0020256340503692627,
    0.0033586991485208273,
    321.02001953125,
    9.840869903564453,
    -94.59468078613281,
    317.6671142578125,
    0.0,
    0.0,
    0.0,
    0.0,
    0.0,
    0.0
  ],
  "intrinsics": {
    "fx": 1542.3011474609375,
    "fy": 1542.3011474609375,
    "cx": 964.1655883789062,
    "cy": 561.2266235351562
  },
  "fov_deg": 68.7938003540039,
  "lens_position": 128,
  "camera_type": 0,
  "device_info": {
    "product_name": "OAK-D Pro AF",
    "board_name": "DM9098"
  },
  "timestamp": "2025-09-29T15:10:47.867622",
  "source": "factory_calibration"
}